{
    "dataset": "EMNIST Digits",
    "model": "ConvNeXT-Tiny",
    "final_metrics": {
        "accuracy": 0.996725,
        "precision": 0.9967304490769251,
        "recall": 0.996725,
        "f1_score": 0.9967253763614253
    },
    "training_history": {
        "final_train_accuracy": 99.7025,
        "final_val_accuracy": 99.6725,
        "final_train_loss": 0.011042053298958732,
        "final_val_loss": 0.012684228504484054,
        "best_val_accuracy": 99.6925
    },
    "confusion_matrix": [
        [
            3989,
            1,
            0,
            1,
            0,
            3,
            1,
            0,
            4,
            1
        ],
        [
            0,
            3989,
            1,
            0,
            3,
            2,
            0,
            4,
            1,
            0
        ],
        [
            2,
            1,
            3968,
            21,
            0,
            0,
            0,
            4,
            3,
            1
        ],
        [
            0,
            1,
            2,
            3990,
            0,
            3,
            0,
            2,
            2,
            0
        ],
        [
            1,
            0,
            0,
            0,
            3985,
            0,
            2,
            3,
            2,
            7
        ],
        [
            0,
            2,
            0,
            7,
            0,
            3986,
            1,
            0,
            1,
            3
        ],
        [
            4,
            0,
            0,
            0,
            0,
            4,
            3992,
            0,
            0,
            0
        ],
        [
            0,
            1,
            1,
            1,
            4,
            0,
            0,
            3991,
            0,
            2
        ],
        [
            0,
            0,
            0,
            4,
            1,
            1,
            2,
            0,
            3989,
            3
        ],
        [
            0,
            0,
            0,
            0,
            7,
            0,
            0,
            3,
            0,
            3990
        ]
    ],
    "detailed_report": {
        "0": {
            "precision": 0.9982482482482482,
            "recall": 0.99725,
            "f1-score": 0.9977488744372186,
            "support": 4000.0
        },
        "1": {
            "precision": 0.9984981226533166,
            "recall": 0.99725,
            "f1-score": 0.9978736710444027,
            "support": 4000.0
        },
        "2": {
            "precision": 0.998992950654582,
            "recall": 0.992,
            "f1-score": 0.9954841946813848,
            "support": 4000.0
        },
        "3": {
            "precision": 0.9915506958250497,
            "recall": 0.9975,
            "f1-score": 0.9945164506480558,
            "support": 4000.0
        },
        "4": {
            "precision": 0.99625,
            "recall": 0.99625,
            "f1-score": 0.99625,
            "support": 4000.0
        },
        "5": {
            "precision": 0.9967491872968242,
            "recall": 0.9965,
            "f1-score": 0.996624578072259,
            "support": 4000.0
        },
        "6": {
            "precision": 0.9984992496248124,
            "recall": 0.998,
            "f1-score": 0.9982495623905977,
            "support": 4000.0
        },
        "7": {
            "precision": 0.9960069877714001,
            "recall": 0.99775,
            "f1-score": 0.9968777319845136,
            "support": 4000.0
        },
        "8": {
            "precision": 0.9967516241879061,
            "recall": 0.99725,
            "f1-score": 0.9970007498125468,
            "support": 4000.0
        },
        "9": {
            "precision": 0.9957574245071126,
            "recall": 0.9975,
            "f1-score": 0.9966279505432747,
            "support": 4000.0
        },
        "accuracy": 0.996725,
        "macro avg": {
            "precision": 0.9967304490769253,
            "recall": 0.996725,
            "f1-score": 0.9967253763614252,
            "support": 40000.0
        },
        "weighted avg": {
            "precision": 0.9967304490769251,
            "recall": 0.996725,
            "f1-score": 0.9967253763614253,
            "support": 40000.0
        }
    }
}