epoch,step,train_acc,train_loss
0,49,0.375,1.9912165403366089
0,99,0.625,1.4741239547729492
0,149,0.25,2.5328359603881836
0,199,0.125,1.8467533588409424
0,249,0.1875,1.6270369291305542
0,299,0.125,1.6115919351577759
0,349,0.125,1.6151221990585327
0,399,0.3125,1.5964851379394531
0,449,0.0625,1.6166208982467651
0,499,0.125,1.615108609199524
0,549,0.25,1.6021554470062256
0,599,0.0625,1.6135984659194946
